payment_type,record_count,total_amount,avg_amount
Adjustment,258,6879363.049999996,26664.197868217037
Premium,249,6541738.309999997,26272.041405622476
Claim,251,6260003.430000003,24940.25270916336
Refund,242,5928796.010000001,24499.157066115706
