total_records,unique_policies,total_payment_amount,total_processing_fees,avg_payment_amount,total_cost
1000,20,25609900.799999975,13509.850000000011,25609.900799999974,25623410.649999987
